<Ui xmlns="http://www.blizzard.com/wow/ui/">
	<Script file="BC_Netherstorm.lua"/>
	<Script file="BFA_BlackEmpire_Outro.lua"/>
	<Script file="BFA_Mechagon.lua"/>
	<Script file="CATA_Deepholm.lua"/>
	<Script file="CATA_Eastern_Plaguelands.lua"/>
	<Script file="CATA_Mount_Hyjal.lua"/>
	<Script file="CATA_Searing_Gorge.lua"/>
	<Script file="CATA_Silithus.lua"/>
	<Script file="CATA_Uldum.lua"/>
	<Script file="CATA_UnGoro.lua"/>
	<Script file="CATA_Winterspring.lua"/>
	<Script file="INTRO_DeathKnight.lua"/>
	<Script file="INTRO_DeathKnight_Allied.lua"/>
	<Script file="INTRO_Demon_Hunter.lua"/>
	<Script file="INTRO_Pandaren.lua"/>
	<Script file="LEGION_Argus.lua"/>
	<Script file="LEGION_Azsuna.lua"/>
	<Script file="LEGION_Broken_Shore.lua"/>
	<Script file="LEGION_Guide_Hub.lua"/>
	<Script file="LEGION_Highmountain.lua"/>
	<Script file="LEGION_Order_Hall_DH.lua"/>
	<Script file="LEGION_Order_Hall_DK.lua"/>
	<Script file="LEGION_Order_Hall_Druid.lua"/>
	<Script file="LEGION_Order_Hall_Hunter.lua"/>
	<Script file="LEGION_Order_Hall_Mage.lua"/>
	<Script file="LEGION_Order_Hall_Monk.lua"/>
	<Script file="LEGION_Order_Hall_Paladin.lua"/>
	<Script file="LEGION_Order_Hall_Priest.lua"/>
	<Script file="LEGION_Order_Hall_Rogue.lua"/>
	<Script file="LEGION_Order_Hall_Shaman.lua"/>
	<Script file="LEGION_Order_Hall_Warlock.lua"/>
	<Script file="LEGION_Order_Hall_Warrior.lua"/>
	<Script file="LEGION_Suramar.lua"/>
	<Script file="LEGION_Valsharah.lua"/>
	<Script file="MOP_Dread_Wastes.lua"/>
	<Script file="MOP_KunLai_Summit.lua"/>
	<Script file="MOP_Townlong_Steppes.lua"/>
	<Script file="MOP_Valley_of_the_Four_Winds.lua"/>
	<Script file="MOP_Pandaren_Cooking.lua"/>
	<Script file="SL_Ardenweald.lua"/>
	<Script file="SL_Bastion.lua"/>
	<!--<Script file="SL_Chains_of_Domination.lua"/>-->
	<Script file="SL_Covenant.lua"/>
	<Script file="SL_Maldraxxus.lua"/>
	<Script file="SL_Maw_Intro.lua"/>
	<Script file="SL_Revendreth.lua"/>
	<Script file="WOD_DarkPortal_Intro.lua"/>
	<Script file="WOD_Spires_of_Arak.lua"/>
	<Script file="WOTLK_Sholazar_Basin.lua"/>
	<Script file="WOTLK_ZulDrak.lua"/>
</Ui>
