<Ui xmlns="http://www.blizzard.com/wow/ui/">
	<Script file="Alchemy_HUB.lua"/>
	<Script file="Alchemy_VAN.lua"/>
	<Script file="Alchemy_OUT.lua"/>
	<Script file="Alchemy_WotLK.lua"/>
	<Script file="Alchemy_Cata.lua"/>
	<Script file="Alchemy_MoP.lua"/>
	<Script file="Alchemy_WoD.lua"/>
	<Script file="Alchemy_LEG.lua"/>
	<Script file="Alchemy_BfA.lua"/>
	<Script file="Alchemy_SL.lua"/>
	<Script file="Blacksmithing_HUB.lua"/>
	<Script file="Blacksmithing_VAN.lua"/>
	<Script file="Blacksmithing_OUT.lua"/>
	<Script file="Blacksmithing_WotLK.lua"/>
	<Script file="Blacksmithing_Cata.lua"/>
	<Script file="Blacksmithing_MoP.lua"/>
	<Script file="Blacksmithing_WoD.lua"/>
	<Script file="Blacksmithing_LEG.lua"/>
	<Script file="Blacksmithing_BfA.lua"/>
	<Script file="Blacksmithing_SL.lua"/>
	<Script file="Enchanting_HUB.lua"/>
	<Script file="Enchanting_VAN.lua"/>
	<Script file="Enchanting_OUT.lua"/>
	<Script file="Enchanting_WotLK.lua"/>
	<Script file="Enchanting_Cata.lua"/>
	<Script file="Enchanting_MoP.lua"/>
	<Script file="Enchanting_WoD.lua"/>
	<Script file="Enchanting_LEG.lua"/>
	<Script file="Enchanting_BfA.lua"/>
	<Script file="Enchanting_SL.lua"/>
	<Script file="Engineering_SL.lua"/>
	<Script file="Inscription_SL.lua"/>
	<Script file="Jewelcrafting_SL.lua"/>
	<Script file="Leatherworking_BfA.lua"/>
	<Script file="Leatherworking_SL.lua"/>
	<Script file="Tailoring_VAN.lua"/>
	<Script file="Tailoring_SL.lua"/>
	<Script file="Legion.lua"/>
	</Ui>
