<Ui xmlns="http://www.blizzard.com/wow/ui/">
	<Script file="Midsummer_Alliance.lua"/>
	<Script file="HallowsEnd_EK.lua"/>
	<Script file="HallowsEnd_KAL.lua"/>
	<Script file="HallowsEnd_OUT.lua"/>
	<Script file="HallowsEnd_NOR.lua"/>
	<Script file="HallowsEnd_CAT.lua"/>
	<Script file="HallowsEnd_DAL.lua"/>
	<Script file="HallowsEnd_PAN.lua"/>
	<Script file="IronHorde.lua"/>
	<Script file="LunarFestival.lua"/>
	<Script file="Ludo_Love.lua"/>
	<Script file="PilgrimsBounty.lua"/>
	<Script file="WinterVeil.lua"/>
</Ui>
