<Ui xmlns="http://www.blizzard.com/wow/ui/">
  <Script file="01_12_Shururu_Mulgore.lua"/>
  <Script file="01_12_Zerinj_Durotar.lua"/>
  <Script file="01_12_Elidion_Durotar.lua"/>
  <Script file="01_12_Hendo_Durotar.lua"/>
  <Script file="01_12_Hendo_Mulgore.lua"/>
  <Script file="01_12_Hendo_Tirisfal_Glades.lua"/>
  <Script file="01_12_Manovan_Tirisfal_Glades.lua"/>
  <Script file="12_14_SilverKnight_Silverpine_Forest.lua"/>
  <Script file="12_15_Hendo_Silverpine_Forest.lua"/>
  <Script file="12_21_Hosho_The_Barrens.lua"/>
  <Script file="15_21_Hendo_The_Barrens.lua"/>
  <Script file="15_24_Dungeon_Wailing_Caverns.lua"/>
  <Script file="18_28_Dungeon_Shadowfang_Keep.lua"/>
  <Script file="21_30_Dungeon_Blackfathom.lua"/>
  <Script file="21_30_Hendo_HordeChapter1.lua"/>
  <Script file="21_30_Jame_Horde.lua"/>
  <Script file="31_40_Jame_Horde.lua"/>
  <Script file="31_40_Hendo_HordeChapter2.lua"/>
  <Script file="40_51_Jame_Horde.lua"/>
  <Script file="51_53_UnGoro_Crater.lua"/>
  <Script file="53_54_Burning_Steppes.lua"/>
  <Script file="54_55_Winterspring.lua"/>
  <Script file="54_Felwood.lua"/>
  <Script file="56_57_Eastern_Plaguelands.lua"/>
  <Script file="56_Western_Plaguelands.lua"/>
  <Script file="57_59_Western_Plaguelands.lua"/>
</Ui>