<Ui xmlns="http://www.blizzard.com/wow/ui/">
	<Script file="BC_Blades_Edge_Mountains.lua"/>
	<Script file="BC_Hellfire.lua"/>
	<Script file="BC_Nagrand.lua"/>
	<Script file="BC_Shadowmoon.lua"/>
	<Script file="BC_Terokkar.lua"/>
	<Script file="BC_Zangarmarsh.lua"/>
	<Script file="BFA_Drustvar.lua"/>
	<Script file="BFA_Guide_Hub.lua"/>
	<Script file="BFA_Endgame_Story.lua"/>
	<Script file="BFA_INTRO.lua"/>
	<Script file="BFA_Nazjatar.lua"/>
	<Script file="BFA_Stormsong_Valley.lua"/>
	<Script file="BFA_Tiragarde_Sound.lua"/>
	<Script file="BFA_WarCampaign.lua"/>
	<Script file="CATA_Arathi_Highlands.lua"/>
	<Script file="CATA_Ashenvale.lua"/>
	<Script file="CATA_Badlands.lua"/>
	<Script file="CATA_Blasted_Lands.lua"/>
	<Script file="CATA_Bloodmyst.lua"/>
	<Script file="CATA_Burning_Steppes.lua"/>
	<Script file="CATA_Cape_of_Stranglethorn.lua"/>
	<Script file="CATA_Darkshore.lua"/>
	<Script file="CATA_Desolace.lua"/>
	<Script file="CATA_Duskwood.lua"/>
	<Script file="CATA_Dustwallow_Marsh.lua"/>
	<Script file="CATA_Felwood.lua"/>
	<Script file="CATA_Feralas.lua"/>
	<Script file="CATA_Guide_Hub.lua"/>
	<Script file="CATA_Hinterlands.lua"/>
	<Script file="CATA_Loch_Modan.lua"/>
	<Script file="CATA_Northern_Stranglethorn.lua"/>
	<Script file="CATA_Redridge_Mountains.lua"/>
	<Script file="CATA_Southern_Barrens.lua"/>
	<Script file="CATA_Stonetalon_Mountains.lua"/>
	<Script file="CATA_Swamp_of_Sorrows.lua"/>
	<Script file="CATA_Tanaris.lua"/>
	<Script file="CATA_Thousand_Needles.lua"/>
	<Script file="CATA_Twilight_Highlands.lua"/>
	<Script file="CATA_Vashjir.lua"/>
	<Script file="CATA_Western_Plaguelands.lua"/>
	<Script file="CATA_Westfall.lua"/>
	<Script file="CATA_Wetlands.lua"/>
	<Script file="INTRO_Chromie_Time.lua"/>
	<Script file="INTRO_Dark_Iron_Dwarf.lua"/>
	<Script file="INTRO_Draenai.lua"/>
	<Script file="INTRO_Dwarf.lua"/>
	<Script file="INTRO_Dwarf_Gnome_Part2.lua"/>
	<Script file="INTRO_Exiles_Reach.lua"/>
	<Script file="INTRO_Gnome.lua"/>
	<Script file="INTRO_Human.lua"/>
	<Script file="INTRO_Kul_Tiran.lua"/>
	<Script file="INTRO_Lightforged_Draenai.lua"/>
	<Script file="INTRO_Mechagnome.lua"/>
	<Script file="INTRO_Night_Elf.lua"/>
	<Script file="INTRO_VoidElf.lua"/>
	<Script file="INTRO_Worgen.lua"/>
	<Script file="LEGION_Legion_Intro.lua"/>
	<Script file="LEGION_Stormheim.lua"/>
	<Script file="MOP_Jade_Forest.lua"/>
	<Script file="MOP_Krasarang_Wilds.lua"/>
	<Script file="WOD_Gorgrond.lua"/>
	<Script file="WOD_Nagrand.lua"/>
	<Script file="WOD_Shadowmoon.lua"/>
	<Script file="WOD_Talador.lua"/>
	<Script file="WOTLK_Borean_Tundra.lua"/>
	<Script file="WOTLK_Dragonblight.lua"/>
	<Script file="WOTLK_Grizzly_Hills.lua"/>
	<Script file="WOTLK_Howling_Fjord.lua"/>
	<Script file="WOTLK_Icecrown.lua"/>
	<Script file="WOTLK_Intro.lua"/>
	<Script file="WOTLK_Storm_Peaks.lua"/>
</Ui>