<Ui xmlns="http://www.blizzard.com/wow/ui/">
	<Script file="01_12_Dun_Morogh.lua"/>
	<Script file="01_12_Elwynn.lua"/>
	<Script file="01_12_Teldrassil.lua"/>
	<Script file="12_20_Darkshore.lua"/>
	<Script file="12_20_Eastern_Kingdom.lua"/>
	<Script file="14_24_Dungeon_Deadmines.lua"/>
	<Script file="19_25_Alliance.lua"/>
	<Script file="25_30_Alliance.lua"/>
	<Script file="30_41_Alliance.lua"/>
	<Script file="41_42_Dungeon_Uldaman.lua"/>
	<Script file="42_50_Alliance.lua"/>
	<Script file="49_50_Dungeon_Zul_Farrak.lua"/>
	<Script file="50_51_Dungeon_Maraudon.lua"/>
	<Script file="50_55_Alliance.lua"/>
	<Script file="53_60_Dungeon_Blackrock_Depths.lua"/>
	<Script file="55_60_Alliance.lua"/>
</Ui>
